fixture_id,fixture_type,dob,local_time,timezone,utc_time,latitude,longitude,body,pyephem_tropical_longitude,skyfield_tropical_longitude,tropical_delta_arcsec,pyephem_ecliptic_latitude,skyfield_ecliptic_latitude,latitude_delta_arcsec,lahiri_pyephem,lahiri_skyfield,pyephem_sidereal_longitude,skyfield_sidereal_longitude,sidereal_delta_arcsec,tolerance_arcsec,status
REF_001,REAL_BIRTH_PROFILE,1986-09-28,16:30,Asia/Kolkata,1986-09-28T11:00:00Z,10.7867,76.6548,Sun,185.217074,185.21708,0.02,-8.8e-05,-8.2e-05,0.02,23.664897,23.664897,161.552177,161.552183,0.02,120.0,PASS
REF_001,REAL_BIRTH_PROFILE,1986-09-28,16:30,Asia/Kolkata,1986-09-28T11:00:00Z,10.7867,76.6548,Moon,120.872994,120.875387,8.61,5.18652,5.186976,1.64,23.664897,23.664897,97.208097,97.21049,8.61,120.0,PASS
REF_001,REAL_BIRTH_PROFILE,1986-09-28,16:30,Asia/Kolkata,1986-09-28T11:00:00Z,10.7867,76.6548,Mars,294.699723,294.699711,0.04,-3.60302,-3.602958,0.22,23.664897,23.664897,271.034826,271.034814,0.04,120.0,PASS
REF_001,REAL_BIRTH_PROFILE,1986-09-28,16:30,Asia/Kolkata,1986-09-28T11:00:00Z,10.7867,76.6548,Mercury,201.960566,201.960576,0.04,-0.525857,-0.52586,0.01,23.664897,23.664897,178.295669,178.295679,0.04,120.0,PASS
REF_001,REAL_BIRTH_PROFILE,1986-09-28,16:30,Asia/Kolkata,1986-09-28T11:00:00Z,10.7867,76.6548,Jupiter,345.800458,345.80042,0.14,-1.509521,-1.509544,0.08,23.664897,23.664897,322.135561,322.135523,0.14,120.0,PASS
REF_001,REAL_BIRTH_PROFILE,1986-09-28,16:30,Asia/Kolkata,1986-09-28T11:00:00Z,10.7867,76.6548,Venus,225.491734,225.491775,0.15,-5.627932,-5.627895,0.13,23.664897,23.664897,201.826837,201.826878,0.15,120.0,PASS
REF_001,REAL_BIRTH_PROFILE,1986-09-28,16:30,Asia/Kolkata,1986-09-28T11:00:00Z,10.7867,76.6548,Saturn,245.370146,245.370093,0.19,1.631191,1.631192,0.0,23.664897,23.664897,221.705249,221.705196,0.19,120.0,PASS
REF_001,REAL_BIRTH_PROFILE,1986-09-28,16:30,Asia/Kolkata,1986-09-28T11:00:00Z,10.7867,76.6548,Ascendant,334.865787,334.865792,0.02,0.0,0.0,0.0,23.664897,23.664897,311.20089,311.200895,0.02,120.0,PASS
REF_001,REAL_BIRTH_PROFILE,1986-09-28,16:30,Asia/Kolkata,1986-09-28T11:00:00Z,10.7867,76.6548,MC,250.207451,250.207455,0.01,0.0,0.0,0.0,23.664897,23.664897,226.542554,226.542558,0.01,120.0,PASS
REF_002,REAL_BIRTH_PROFILE,1990-01-15,08:30,Asia/Kolkata,1990-01-15T03:00:00Z,9.9312,76.2673,Sun,294.837823,294.83784,0.06,-0.001208,-0.001202,0.02,23.71094,23.71094,271.126883,271.1269,0.06,120.0,PASS
REF_002,REAL_BIRTH_PROFILE,1990-01-15,08:30,Asia/Kolkata,1990-01-15T03:00:00Z,9.9312,76.2673,Moon,162.931454,162.92765,13.69,-2.32564,-2.325815,0.63,23.71094,23.71094,139.220514,139.21671,13.69,120.0,PASS
REF_002,REAL_BIRTH_PROFILE,1990-01-15,08:30,Asia/Kolkata,1990-01-15T03:00:00Z,9.9312,76.2673,Mars,259.782543,259.782547,0.01,-0.188991,-0.188979,0.04,23.71094,23.71094,236.071603,236.071607,0.01,120.0,PASS
REF_002,REAL_BIRTH_PROFILE,1990-01-15,08:30,Asia/Kolkata,1990-01-15T03:00:00Z,9.9312,76.2673,Mercury,281.766853,281.766882,0.1,3.380441,3.380452,0.04,23.71094,23.71094,258.055913,258.055942,0.1,120.0,PASS
REF_002,REAL_BIRTH_PROFILE,1990-01-15,08:30,Asia/Kolkata,1990-01-15T03:00:00Z,9.9312,76.2673,Jupiter,93.540455,93.540417,0.14,-0.082346,-0.082346,0.0,23.71094,23.71094,69.829515,69.829477,0.14,120.0,PASS
REF_002,REAL_BIRTH_PROFILE,1990-01-15,08:30,Asia/Kolkata,1990-01-15T03:00:00Z,9.9312,76.2673,Venus,301.048895,301.048881,0.05,5.320573,5.320693,0.43,23.71094,23.71094,277.337955,277.337941,0.05,120.0,PASS
REF_002,REAL_BIRTH_PROFILE,1990-01-15,08:30,Asia/Kolkata,1990-01-15T03:00:00Z,9.9312,76.2673,Saturn,287.411719,287.411683,0.13,0.276079,0.27608,0.0,23.71094,23.71094,263.70078,263.700743,0.13,120.0,PASS
REF_002,REAL_BIRTH_PROFILE,1990-01-15,08:30,Asia/Kolkata,1990-01-15T03:00:00Z,9.9312,76.2673,Ascendant,320.556675,320.558069,5.02,0.0,0.0,0.0,23.71094,23.71094,296.845735,296.847129,5.02,120.0,PASS
REF_002,REAL_BIRTH_PROFILE,1990-01-15,08:30,Asia/Kolkata,1990-01-15T03:00:00Z,9.9312,76.2673,MC,237.839872,237.841112,4.46,0.0,0.0,0.0,23.71094,23.71094,214.128932,214.130172,4.46,120.0,PASS
REF_003,REAL_BIRTH_PROFILE,1985-07-22,18:45,Europe/London,1985-07-22T17:45:00Z,51.5074,-0.1278,Sun,120.056853,120.05687,0.06,0.001619,0.001622,0.01,23.648358,23.648358,96.408495,96.408511,0.06,120.0,PASS
REF_003,REAL_BIRTH_PROFILE,1985-07-22,18:45,Europe/London,1985-07-22T17:45:00Z,51.5074,-0.1278,Moon,180.546526,180.549364,10.22,3.548796,3.548474,1.16,23.648358,23.648358,156.898168,156.901005,10.21,120.0,PASS
REF_003,REAL_BIRTH_PROFILE,1985-07-22,18:45,Europe/London,1985-07-22T17:45:00Z,51.5074,-0.1278,Mars,118.638565,118.638566,0.0,1.059139,1.059128,0.04,23.648358,23.648358,94.990207,94.990208,0.0,120.0,PASS
REF_003,REAL_BIRTH_PROFILE,1985-07-22,18:45,Europe/London,1985-07-22T17:45:00Z,51.5074,-0.1278,Mercury,144.388581,144.388612,0.11,-2.40153,-2.401544,0.05,23.648358,23.648358,120.740223,120.740253,0.11,120.0,PASS
REF_003,REAL_BIRTH_PROFILE,1985-07-22,18:45,Europe/London,1985-07-22T17:45:00Z,51.5074,-0.1278,Jupiter,313.855736,313.855693,0.15,-0.826253,-0.826266,0.05,23.648358,23.648358,290.207377,290.207335,0.15,120.0,PASS
REF_003,REAL_BIRTH_PROFILE,1985-07-22,18:45,Europe/London,1985-07-22T17:45:00Z,51.5074,-0.1278,Venus,78.188648,78.188634,0.05,-2.249817,-2.24984,0.08,23.648358,23.648358,54.54029,54.540276,0.05,120.0,PASS
REF_003,REAL_BIRTH_PROFILE,1985-07-22,18:45,Europe/London,1985-07-22T17:45:00Z,51.5074,-0.1278,Saturn,231.678092,231.678034,0.21,2.165666,2.165666,0.0,23.648358,23.648358,208.029733,208.029675,0.21,120.0,PASS
REF_003,REAL_BIRTH_PROFILE,1985-07-22,18:45,Europe/London,1985-07-22T17:45:00Z,51.5074,-0.1278,Ascendant,264.23697,264.238908,6.98,0.0,0.0,0.0,23.648358,23.648358,240.588612,240.59055,6.98,120.0,PASS
REF_003,REAL_BIRTH_PROFILE,1985-07-22,18:45,Europe/London,1985-07-22T17:45:00Z,51.5074,-0.1278,MC,208.563834,208.566205,8.54,0.0,0.0,0.0,23.648358,23.648358,184.915476,184.917847,8.54,120.0,PASS
REF_004,REAL_BIRTH_PROFILE,2000-01-01,12:00,America/New_York,2000-01-01T17:00:00Z,40.7128,-74.006,Sun,280.590968,280.590954,0.05,0.000241,0.000237,0.01,23.850008,23.850008,256.74096,256.740946,0.05,120.0,PASS
REF_004,REAL_BIRTH_PROFILE,2000-01-01,12:00,America/New_York,2000-01-01T17:00:00Z,40.7128,-74.006,Moon,225.828945,225.832328,12.18,5.128767,5.129205,1.58,23.850008,23.850008,201.978937,201.98232,12.18,120.0,PASS
REF_004,REAL_BIRTH_PROFILE,2000-01-01,12:00,America/New_York,2000-01-01T17:00:00Z,40.7128,-74.006,Mars,328.132741,328.132675,0.24,-1.065085,-1.065097,0.04,23.850008,23.850008,304.282733,304.282667,0.24,120.0,PASS
REF_004,REAL_BIRTH_PROFILE,2000-01-01,12:00,America/New_York,2000-01-01T17:00:00Z,40.7128,-74.006,Mercury,272.223235,272.223209,0.09,-1.015085,-1.015077,0.03,23.850008,23.850008,248.373227,248.373201,0.09,120.0,PASS
REF_004,REAL_BIRTH_PROFILE,2000-01-01,12:00,America/New_York,2000-01-01T17:00:00Z,40.7128,-74.006,Jupiter,25.264082,25.264049,0.12,-1.260964,-1.260986,0.08,23.850008,23.850008,1.414075,1.414041,0.12,120.0,PASS
REF_004,REAL_BIRTH_PROFILE,2000-01-01,12:00,America/New_York,2000-01-01T17:00:00Z,40.7128,-74.006,Venus,241.826115,241.826075,0.14,2.060613,2.060608,0.02,23.850008,23.850008,217.976107,217.976067,0.14,120.0,PASS
REF_004,REAL_BIRTH_PROFILE,2000-01-01,12:00,America/New_York,2000-01-01T17:00:00Z,40.7128,-74.006,Saturn,40.392564,40.392531,0.12,-2.443652,-2.443653,0.0,23.850008,23.850008,16.542556,16.542523,0.12,120.0,PASS
REF_004,REAL_BIRTH_PROFILE,2000-01-01,12:00,America/New_York,2000-01-01T17:00:00Z,40.7128,-74.006,Ascendant,19.96169,19.964159,8.89,0.0,0.0,0.0,23.850008,23.850008,356.111682,356.114151,8.89,120.0,PASS
REF_004,REAL_BIRTH_PROFILE,2000-01-01,12:00,America/New_York,2000-01-01T17:00:00Z,40.7128,-74.006,MC,280.717794,280.719165,4.94,0.0,0.0,0.0,23.850008,23.850008,256.867786,256.869157,4.94,120.0,PASS
REF_005,REAL_BIRTH_PROFILE,1995-05-05,09:00,Asia/Tokyo,1995-05-05T00:00:00Z,35.6762,139.6503,Sun,44.11941,44.119429,0.07,0.00029,0.000284,0.02,23.78493,23.78493,20.33448,20.3345,0.07,120.0,PASS
REF_005,REAL_BIRTH_PROFILE,1995-05-05,09:00,Asia/Tokyo,1995-05-05T00:00:00Z,35.6762,139.6503,Moon,101.565518,101.568489,10.7,-4.827546,-4.827152,1.42,23.78493,23.78493,77.780589,77.783559,10.69,120.0,PASS
REF_005,REAL_BIRTH_PROFILE,1995-05-05,09:00,Asia/Tokyo,1995-05-05T00:00:00Z,35.6762,139.6503,Mars,141.626695,141.626699,0.01,1.998966,1.99899,0.09,23.78493,23.78493,117.841765,117.84177,0.02,120.0,PASS
REF_005,REAL_BIRTH_PROFILE,1995-05-05,09:00,Asia/Tokyo,1995-05-05T00:00:00Z,35.6762,139.6503,Mercury,63.725517,63.725548,0.11,2.390265,2.390271,0.02,23.78493,23.78493,39.940587,39.940618,0.11,120.0,PASS
REF_005,REAL_BIRTH_PROFILE,1995-05-05,09:00,Asia/Tokyo,1995-05-05T00:00:00Z,35.6762,139.6503,Jupiter,253.765579,253.765529,0.18,0.832732,0.832745,0.05,23.78493,23.78493,229.980649,229.980599,0.18,120.0,PASS
REF_005,REAL_BIRTH_PROFILE,1995-05-05,09:00,Asia/Tokyo,1995-05-05T00:00:00Z,35.6762,139.6503,Venus,15.570922,15.570964,0.15,-1.684678,-1.684688,0.04,23.78493,23.78493,351.785992,351.786034,0.15,120.0,PASS
REF_005,REAL_BIRTH_PROFILE,1995-05-05,09:00,Asia/Tokyo,1995-05-05T00:00:00Z,35.6762,139.6503,Saturn,351.786744,351.786723,0.08,-1.881818,-1.881819,0.0,23.78493,23.78493,328.001814,328.001794,0.07,120.0,PASS
REF_005,REAL_BIRTH_PROFILE,1995-05-05,09:00,Asia/Tokyo,1995-05-05T00:00:00Z,35.6762,139.6503,Ascendant,107.671289,107.671523,0.84,0.0,0.0,0.0,23.78493,23.78493,83.886359,83.886593,0.84,120.0,PASS
REF_005,REAL_BIRTH_PROFILE,1995-05-05,09:00,Asia/Tokyo,1995-05-05T00:00:00Z,35.6762,139.6503,MC,2.232641,2.232943,1.09,0.0,0.0,0.0,23.78493,23.78493,338.447711,338.448013,1.09,120.0,PASS
REF_006,REAL_BIRTH_PROFILE,1998-11-12,15:30,Australia/Sydney,1998-11-12T04:30:00Z,-33.8688,151.2093,Sun,229.602095,229.602099,0.01,-0.00011,-9.8e-05,0.04,23.834127,23.834127,205.767969,205.767972,0.01,120.0,PASS
REF_006,REAL_BIRTH_PROFILE,1998-11-12,15:30,Australia/Sydney,1998-11-12T04:30:00Z,-33.8688,151.2093,Moon,153.055372,153.056627,4.52,0.460796,0.460826,0.11,23.834127,23.834127,129.221246,129.2225,4.51,120.0,PASS
REF_006,REAL_BIRTH_PROFILE,1998-11-12,15:30,Australia/Sydney,1998-11-12T04:30:00Z,-33.8688,151.2093,Mars,171.320781,171.32083,0.18,1.573658,1.573691,0.12,23.834127,23.834127,147.486654,147.486704,0.18,120.0,PASS
REF_006,REAL_BIRTH_PROFILE,1998-11-12,15:30,Australia/Sydney,1998-11-12T04:30:00Z,-33.8688,151.2093,Mercury,252.375977,252.375984,0.03,-2.712248,-2.712235,0.05,23.834127,23.834127,228.54185,228.541857,0.03,120.0,PASS
REF_006,REAL_BIRTH_PROFILE,1998-11-12,15:30,Australia/Sydney,1998-11-12T04:30:00Z,-33.8688,151.2093,Jupiter,348.180611,348.180571,0.14,-1.434325,-1.434345,0.07,23.834127,23.834127,324.346484,324.346444,0.14,120.0,PASS
REF_006,REAL_BIRTH_PROFILE,1998-11-12,15:30,Australia/Sydney,1998-11-12T04:30:00Z,-33.8688,151.2093,Venus,232.879465,232.879475,0.04,0.47627,0.476277,0.03,23.834127,23.834127,209.045339,209.045349,0.04,120.0,PASS
REF_006,REAL_BIRTH_PROFILE,1998-11-12,15:30,Australia/Sydney,1998-11-12T04:30:00Z,-33.8688,151.2093,Saturn,28.676027,28.675994,0.12,-2.740438,-2.740436,0.01,23.834127,23.834127,4.8419,4.841867,0.12,120.0,PASS
REF_006,REAL_BIRTH_PROFILE,1998-11-12,15:30,Australia/Sydney,1998-11-12T04:30:00Z,-33.8688,151.2093,Ascendant,359.844238,359.843456,2.82,0.0,0.0,0.0,23.834127,23.834127,336.010111,336.009329,2.82,120.0,PASS
REF_006,REAL_BIRTH_PROFILE,1998-11-12,15:30,Australia/Sydney,1998-11-12T04:30:00Z,-33.8688,151.2093,MC,269.83073,269.82988,3.06,0.0,0.0,0.0,23.834127,23.834127,245.996603,245.995753,3.06,120.0,PASS
REF_007,REAL_BIRTH_PROFILE,1975-03-21,06:00,Europe/Paris,1975-03-21T05:00:00Z,48.8566,2.3522,Sun,0.308404,0.308417,0.05,0.000158,0.000157,0.0,23.504018,23.504018,336.804387,336.804399,0.04,120.0,PASS
REF_007,REAL_BIRTH_PROFILE,1975-03-21,06:00,Europe/Paris,1975-03-21T05:00:00Z,48.8566,2.3522,Moon,94.967312,94.966811,1.8,-2.663586,-2.66332,0.96,23.504018,23.504018,71.463294,71.462794,1.8,120.0,PASS
REF_007,REAL_BIRTH_PROFILE,1975-03-21,06:00,Europe/Paris,1975-03-21T05:00:00Z,48.8566,2.3522,Mars,313.92613,313.926166,0.13,-1.114364,-1.114352,0.04,23.504018,23.504018,290.422113,290.422149,0.13,120.0,PASS
REF_007,REAL_BIRTH_PROFILE,1975-03-21,06:00,Europe/Paris,1975-03-21T05:00:00Z,48.8566,2.3522,Mercury,336.99338,336.993438,0.21,-2.121852,-2.121859,0.03,23.504018,23.504018,313.489362,313.48942,0.21,120.0,PASS
REF_007,REAL_BIRTH_PROFILE,1975-03-21,06:00,Europe/Paris,1975-03-21T05:00:00Z,48.8566,2.3522,Jupiter,0.955399,0.955388,0.04,-1.072133,-1.072151,0.06,23.504018,23.504018,337.451382,337.45137,0.04,120.0,PASS
REF_007,REAL_BIRTH_PROFILE,1975-03-21,06:00,Europe/Paris,1975-03-21T05:00:00Z,48.8566,2.3522,Venus,31.928611,31.928621,0.04,0.052332,0.052347,0.05,23.504018,23.504018,8.424593,8.424603,0.04,120.0,PASS
REF_007,REAL_BIRTH_PROFILE,1975-03-21,06:00,Europe/Paris,1975-03-21T05:00:00Z,48.8566,2.3522,Saturn,102.328057,102.328049,0.03,-0.233539,-0.233538,0.0,23.504018,23.504018,78.824039,78.824031,0.03,120.0,PASS
REF_007,REAL_BIRTH_PROFILE,1975-03-21,06:00,Europe/Paris,1975-03-21T05:00:00Z,48.8566,2.3522,Ascendant,329.859149,329.863032,13.98,0.0,0.0,0.0,23.504018,23.504018,306.355131,306.359014,13.98,120.0,PASS
REF_007,REAL_BIRTH_PROFILE,1975-03-21,06:00,Europe/Paris,1975-03-21T05:00:00Z,48.8566,2.3522,MC,256.60534,256.607229,6.8,0.0,0.0,0.0,23.504018,23.504018,233.101322,233.103211,6.8,120.0,PASS
REF_008,REAL_BIRTH_PROFILE,1992-06-21,23:45,Atlantic/Reykjavik,1992-06-21T23:45:00Z,64.1466,-21.9426,Sun,90.921375,90.921371,0.01,0.001164,0.001159,0.02,23.744913,23.744913,67.176463,67.176458,0.02,120.0,PASS
REF_008,REAL_BIRTH_PROFILE,1992-06-21,23:45,Atlantic/Reykjavik,1992-06-21T23:45:00Z,64.1466,-21.9426,Moon,345.85563,345.854131,5.4,5.111279,5.111756,1.72,23.744913,23.744913,322.110717,322.109219,5.39,120.0,PASS
REF_008,REAL_BIRTH_PROFILE,1992-06-21,23:45,Atlantic/Reykjavik,1992-06-21T23:45:00Z,64.1466,-21.9426,Mars,35.481539,35.481543,0.01,-1.186981,-1.186993,0.04,23.744913,23.744913,11.736626,11.73663,0.01,120.0,PASS
REF_008,REAL_BIRTH_PROFILE,1992-06-21,23:45,Atlantic/Reykjavik,1992-06-21T23:45:00Z,64.1466,-21.9426,Mercury,112.391807,112.391757,0.18,1.804455,1.804452,0.01,23.744913,23.744913,88.646894,88.646844,0.18,120.0,PASS
REF_008,REAL_BIRTH_PROFILE,1992-06-21,23:45,Atlantic/Reykjavik,1992-06-21T23:45:00Z,64.1466,-21.9426,Jupiter,158.539274,158.539238,0.13,1.145891,1.145909,0.06,23.744913,23.744913,134.794361,134.794326,0.13,120.0,PASS
REF_008,REAL_BIRTH_PROFILE,1992-06-21,23:45,Atlantic/Reykjavik,1992-06-21T23:45:00Z,64.1466,-21.9426,Venus,93.196692,93.196681,0.04,0.47625,0.476229,0.08,23.744913,23.744913,69.45178,69.451768,0.04,120.0,PASS
REF_008,REAL_BIRTH_PROFILE,1992-06-21,23:45,Atlantic/Reykjavik,1992-06-21T23:45:00Z,64.1466,-21.9426,Saturn,318.11045,318.110417,0.12,-0.922701,-0.922702,0.0,23.744913,23.744913,294.365538,294.365505,0.12,120.0,PASS
REF_008,REAL_BIRTH_PROFILE,1992-06-21,23:45,Atlantic/Reykjavik,1992-06-21T23:45:00Z,64.1466,-21.9426,Ascendant,271.170248,271.168079,7.81,0.0,0.0,0.0,23.744913,23.744913,247.425335,247.423166,7.81,120.0,PASS
REF_008,REAL_BIRTH_PROFILE,1992-06-21,23:45,Atlantic/Reykjavik,1992-06-21T23:45:00Z,64.1466,-21.9426,MC,246.577526,246.575392,7.68,0.0,0.0,0.0,23.744913,23.744913,222.832613,222.830479,7.68,120.0,PASS
REF_011,REAL_BIRTH_PROFILE,1988-12-12,10:15,Europe/Berlin,1988-12-12T09:15:00Z,52.52,13.405,Sun,260.735983,260.735989,0.02,-0.001481,-0.001479,0.01,23.6957,23.6957,237.040283,237.040289,0.02,120.0,PASS
REF_011,REAL_BIRTH_PROFILE,1988-12-12,10:15,Europe/Berlin,1988-12-12T09:15:00Z,52.52,13.405,Moon,300.632411,300.636837,15.93,-3.072041,-3.071821,0.79,23.6957,23.6957,276.936711,276.941138,15.94,120.0,PASS
REF_011,REAL_BIRTH_PROFILE,1988-12-12,10:15,Europe/Berlin,1988-12-12T09:15:00Z,52.52,13.405,Mars,11.108327,11.108212,0.41,0.018065,0.017863,0.73,23.6957,23.6957,347.412627,347.412513,0.41,120.0,PASS
REF_011,REAL_BIRTH_PROFILE,1988-12-12,10:15,Europe/Berlin,1988-12-12T09:15:00Z,52.52,13.405,Mercury,266.835149,266.835163,0.05,-1.771235,-1.771234,0.0,23.6957,23.6957,243.139449,243.139463,0.05,120.0,PASS
REF_011,REAL_BIRTH_PROFILE,1988-12-12,10:15,Europe/Berlin,1988-12-12T09:15:00Z,52.52,13.405,Jupiter,58.696106,58.696072,0.12,-0.975348,-0.975363,0.05,23.6957,23.6957,35.000407,35.000373,0.12,120.0,PASS
REF_011,REAL_BIRTH_PROFILE,1988-12-12,10:15,Europe/Berlin,1988-12-12T09:15:00Z,52.52,13.405,Venus,233.480676,233.48068,0.01,1.502702,1.502726,0.09,23.6957,23.6957,209.784976,209.784981,0.02,120.0,PASS
REF_011,REAL_BIRTH_PROFILE,1988-12-12,10:15,Europe/Berlin,1988-12-12T09:15:00Z,52.52,13.405,Saturn,273.440713,273.440671,0.15,0.739575,0.739576,0.0,23.6957,23.6957,249.745013,249.744971,0.15,120.0,PASS
REF_011,REAL_BIRTH_PROFILE,1988-12-12,10:15,Europe/Berlin,1988-12-12T09:15:00Z,52.52,13.405,Ascendant,290.12106,290.120604,1.64,0.0,0.0,0.0,23.6957,23.6957,266.42536,266.424904,1.64,120.0,PASS
REF_011,REAL_BIRTH_PROFILE,1988-12-12,10:15,Europe/Berlin,1988-12-12T09:15:00Z,52.52,13.405,MC,235.774931,235.774575,1.28,0.0,0.0,0.0,23.6957,23.6957,212.079231,212.078875,1.28,120.0,PASS
REF_012,REAL_BIRTH_PROFILE,1991-04-10,14:00,Africa/Cairo,1991-04-10T12:00:00Z,30.0444,31.2357,Sun,20.242036,20.242074,0.14,0.000606,0.000599,0.03,23.728153,23.728153,356.513883,356.513921,0.14,120.0,PASS
REF_012,REAL_BIRTH_PROFILE,1991-04-10,14:00,Africa/Cairo,1991-04-10T12:00:00Z,30.0444,31.2357,Moon,326.26137,326.264866,12.59,2.680386,2.680607,0.8,23.728153,23.728153,302.533216,302.536713,12.59,120.0,PASS
REF_012,REAL_BIRTH_PROFILE,1991-04-10,14:00,Africa/Cairo,1991-04-10T12:00:00Z,30.0444,31.2357,Mars,94.111049,94.111012,0.13,1.860035,1.860033,0.01,23.728153,23.728153,70.382896,70.382859,0.13,120.0,PASS
REF_012,REAL_BIRTH_PROFILE,1991-04-10,14:00,Africa/Cairo,1991-04-10T12:00:00Z,30.0444,31.2357,Mercury,27.428971,27.428952,0.07,2.892805,2.892808,0.01,23.728153,23.728153,3.700818,3.700799,0.07,120.0,PASS
REF_012,REAL_BIRTH_PROFILE,1991-04-10,14:00,Africa/Cairo,1991-04-10T12:00:00Z,30.0444,31.2357,Jupiter,123.854183,123.854147,0.13,0.776258,0.776269,0.04,23.728153,23.728153,100.126029,100.125994,0.13,120.0,PASS
REF_012,REAL_BIRTH_PROFILE,1991-04-10,14:00,Africa/Cairo,1991-04-10T12:00:00Z,30.0444,31.2357,Venus,57.165867,57.165893,0.09,1.243089,1.243083,0.02,23.728153,23.728153,33.437713,33.43774,0.1,120.0,PASS
REF_012,REAL_BIRTH_PROFILE,1991-04-10,14:00,Africa/Cairo,1991-04-10T12:00:00Z,30.0444,31.2357,Saturn,305.88357,305.883534,0.13,-0.282136,-0.282137,0.0,23.728153,23.728153,282.155416,282.155381,0.13,120.0,PASS
REF_012,REAL_BIRTH_PROFILE,1991-04-10,14:00,Africa/Cairo,1991-04-10T12:00:00Z,30.0444,31.2357,Ascendant,144.969297,144.970706,5.07,0.0,0.0,0.0,23.728153,23.728153,121.241144,121.242553,5.07,120.0,PASS
REF_012,REAL_BIRTH_PROFILE,1991-04-10,14:00,Africa/Cairo,1991-04-10T12:00:00Z,30.0444,31.2357,MC,51.874939,51.876566,5.86,0.0,0.0,0.0,23.728153,23.728153,28.146786,28.148413,5.86,120.0,PASS
REF_013,REAL_BIRTH_PROFILE,1982-02-28,08:00,America/Argentina/Buenos_Aires,1982-02-28T11:00:00Z,-34.6037,-58.3816,Sun,339.789758,339.789748,0.04,-0.000805,-0.000812,0.03,23.600954,23.600954,316.188804,316.188794,0.04,120.0,PASS
REF_013,REAL_BIRTH_PROFILE,1982-02-28,08:00,America/Argentina/Buenos_Aires,1982-02-28T11:00:00Z,-34.6037,-58.3816,Moon,37.514198,37.517163,10.67,-4.932551,-4.932128,1.52,23.600954,23.600954,13.913244,13.916209,10.67,120.0,PASS
REF_013,REAL_BIRTH_PROFILE,1982-02-28,08:00,America/Argentina/Buenos_Aires,1982-02-28T11:00:00Z,-34.6037,-58.3816,Mars,199.058375,199.058367,0.03,3.191354,3.191368,0.05,23.600954,23.600954,175.457421,175.457413,0.03,120.0,PASS
REF_013,REAL_BIRTH_PROFILE,1982-02-28,08:00,America/Argentina/Buenos_Aires,1982-02-28T11:00:00Z,-34.6037,-58.3816,Mercury,313.003185,313.003161,0.09,-0.447749,-0.447745,0.01,23.600954,23.600954,289.402231,289.402207,0.09,120.0,PASS
REF_013,REAL_BIRTH_PROFILE,1982-02-28,08:00,America/Argentina/Buenos_Aires,1982-02-28T11:00:00Z,-34.6037,-58.3816,Jupiter,220.552296,220.552257,0.14,1.356347,1.356368,0.08,23.600954,23.600954,196.951342,196.951303,0.14,120.0,PASS
REF_013,REAL_BIRTH_PROFILE,1982-02-28,08:00,America/Argentina/Buenos_Aires,1982-02-28T11:00:00Z,-34.6037,-58.3816,Venus,299.072323,299.072263,0.22,5.367638,5.367594,0.16,23.600954,23.600954,275.471368,275.471309,0.21,120.0,PASS
REF_013,REAL_BIRTH_PROFILE,1982-02-28,08:00,America/Argentina/Buenos_Aires,1982-02-28T11:00:00Z,-34.6037,-58.3816,Saturn,201.81264,201.812581,0.21,2.682535,2.682533,0.01,23.600954,23.600954,178.211686,178.211626,0.22,120.0,PASS
REF_013,REAL_BIRTH_PROFILE,1982-02-28,08:00,America/Argentina/Buenos_Aires,1982-02-28T11:00:00Z,-34.6037,-58.3816,Ascendant,355.433126,355.432761,1.31,0.0,0.0,0.0,23.600954,23.600954,331.832172,331.831807,1.31,120.0,PASS
REF_013,REAL_BIRTH_PROFILE,1982-02-28,08:00,America/Argentina/Buenos_Aires,1982-02-28T11:00:00Z,-34.6037,-58.3816,MC,265.002724,265.002324,1.44,0.0,0.0,0.0,23.600954,23.600954,241.40177,241.40137,1.44,120.0,PASS
REF_014,REAL_BIRTH_PROFILE,1994-08-15,22:30,Asia/Kolkata,1994-08-15T17:00:00Z,19.076,72.8777,Sun,142.71217,142.712188,0.06,0.000423,0.000432,0.03,23.774905,23.774905,118.937265,118.937283,0.06,120.0,PASS
REF_014,REAL_BIRTH_PROFILE,1994-08-15,22:30,Asia/Kolkata,1994-08-15T17:00:00Z,19.076,72.8777,Moon,251.850042,251.848376,6.0,1.945904,1.945744,0.58,23.774905,23.774905,228.075137,228.073471,6.0,120.0,PASS
REF_014,REAL_BIRTH_PROFILE,1994-08-15,22:30,Asia/Kolkata,1994-08-15T17:00:00Z,19.076,72.8777,Mars,89.35744,89.35744,0.0,0.172493,0.172497,0.01,23.774905,23.774905,65.582535,65.582535,0.0,120.0,PASS
REF_014,REAL_BIRTH_PROFILE,1994-08-15,22:30,Asia/Kolkata,1994-08-15T17:00:00Z,19.076,72.8777,Mercury,145.518582,145.518595,0.05,1.753009,1.75301,0.0,23.774905,23.774905,121.743677,121.74369,0.05,120.0,PASS
REF_014,REAL_BIRTH_PROFILE,1994-08-15,22:30,Asia/Kolkata,1994-08-15T17:00:00Z,19.076,72.8777,Jupiter,217.651755,217.651713,0.15,1.001661,1.001679,0.06,23.774905,23.774905,193.87685,193.876808,0.15,120.0,PASS
REF_014,REAL_BIRTH_PROFILE,1994-08-15,22:30,Asia/Kolkata,1994-08-15T17:00:00Z,19.076,72.8777,Venus,188.46599,188.46599,0.0,-1.002239,-1.002226,0.05,23.774905,23.774905,164.691085,164.691085,0.0,120.0,PASS
REF_014,REAL_BIRTH_PROFILE,1994-08-15,22:30,Asia/Kolkata,1994-08-15T17:00:00Z,19.076,72.8777,Saturn,340.338876,340.338842,0.12,-1.948818,-1.948818,0.0,23.774905,23.774905,316.563971,316.563937,0.12,120.0,PASS
REF_014,REAL_BIRTH_PROFILE,1994-08-15,22:30,Asia/Kolkata,1994-08-15T17:00:00Z,19.076,72.8777,Ascendant,27.409324,27.412993,13.21,0.0,0.0,0.0,23.774905,23.774905,3.634419,3.638088,13.21,120.0,PASS
REF_014,REAL_BIRTH_PROFILE,1994-08-15,22:30,Asia/Kolkata,1994-08-15T17:00:00Z,19.076,72.8777,MC,290.104673,290.107496,10.16,0.0,0.0,0.0,23.774905,23.774905,266.329768,266.332591,10.16,120.0,PASS
REF_015,REAL_BIRTH_PROFILE,2005-07-04,05:30,Pacific/Honolulu,2005-07-04T15:30:00Z,21.3069,-157.8583,Sun,102.673714,102.673714,0.0,-0.000556,-0.000557,0.0,23.926867,23.926867,78.746847,78.746847,0.0,120.0,PASS
REF_015,REAL_BIRTH_PROFILE,2005-07-04,05:30,Pacific/Honolulu,2005-07-04T15:30:00Z,21.3069,-157.8583,Moon,82.018738,82.023898,18.58,4.45801,4.45816,0.54,23.926867,23.926867,58.091871,58.097031,18.58,120.0,PASS
REF_015,REAL_BIRTH_PROFILE,2005-07-04,05:30,Pacific/Honolulu,2005-07-04T15:30:00Z,21.3069,-157.8583,Mars,15.223085,15.222931,0.55,-2.574043,-2.574097,0.19,23.926867,23.926867,351.296219,351.296064,0.56,120.0,PASS
REF_015,REAL_BIRTH_PROFILE,2005-07-04,05:30,Pacific/Honolulu,2005-07-04T15:30:00Z,21.3069,-157.8583,Mercury,128.432763,128.432786,0.08,0.543804,0.543788,0.06,23.926867,23.926867,104.505897,104.505919,0.08,120.0,PASS
REF_015,REAL_BIRTH_PROFILE,2005-07-04,05:30,Pacific/Honolulu,2005-07-04T15:30:00Z,21.3069,-157.8583,Jupiter,190.105278,190.105234,0.16,1.294353,1.294374,0.08,23.926867,23.926867,166.178411,166.178367,0.16,120.0,PASS
REF_015,REAL_BIRTH_PROFILE,2005-07-04,05:30,Pacific/Honolulu,2005-07-04T15:30:00Z,21.3069,-157.8583,Venus,127.698368,127.698365,0.01,1.628865,1.628879,0.05,23.926867,23.926867,103.771501,103.771498,0.01,120.0,PASS
REF_015,REAL_BIRTH_PROFILE,2005-07-04,05:30,Pacific/Honolulu,2005-07-04T15:30:00Z,21.3069,-157.8583,Saturn,118.413407,118.413347,0.22,0.255426,0.255425,0.0,23.926867,23.926867,94.48654,94.48648,0.22,120.0,PASS
REF_015,REAL_BIRTH_PROFILE,2005-07-04,05:30,Pacific/Honolulu,2005-07-04T15:30:00Z,21.3069,-157.8583,Ascendant,96.466475,96.464168,8.31,0.0,0.0,0.0,23.926867,23.926867,72.539608,72.537301,8.31,120.0,PASS
REF_015,REAL_BIRTH_PROFILE,2005-07-04,05:30,Pacific/Honolulu,2005-07-04T15:30:00Z,21.3069,-157.8583,MC,357.146582,357.143792,10.04,0.0,0.0,0.0,23.926867,23.926867,333.219715,333.216925,10.04,120.0,PASS
REF_016,SYNTHETIC_BOUNDARY,2000-01-01,12:00,UTC,2000-01-01T12:00:00Z,0.0,0.0,Sun,33.85,33.85,0.0,0.0,0.0,0.0,23.85,23.85,10.0,10.0,0.0,120.0,PASS
REF_016,SYNTHETIC_BOUNDARY,2000-01-01,12:00,UTC,2000-01-01T12:00:00Z,0.0,0.0,Moon,23.85,23.85,0.0,0.0,0.0,0.0,23.85,23.85,0.0,0.0,0.0,120.0,PASS
REF_016,SYNTHETIC_BOUNDARY,2000-01-01,12:00,UTC,2000-01-01T12:00:00Z,0.0,0.0,Mars,23.85,23.85,0.0,0.0,0.0,0.0,23.85,23.85,0.0,0.0,0.0,120.0,PASS
REF_016,SYNTHETIC_BOUNDARY,2000-01-01,12:00,UTC,2000-01-01T12:00:00Z,0.0,0.0,Mercury,23.85,23.85,0.0,0.0,0.0,0.0,23.85,23.85,0.0,0.0,0.0,120.0,PASS
REF_016,SYNTHETIC_BOUNDARY,2000-01-01,12:00,UTC,2000-01-01T12:00:00Z,0.0,0.0,Jupiter,23.85,23.85,0.0,0.0,0.0,0.0,23.85,23.85,0.0,0.0,0.0,120.0,PASS
REF_016,SYNTHETIC_BOUNDARY,2000-01-01,12:00,UTC,2000-01-01T12:00:00Z,0.0,0.0,Venus,23.85,23.85,0.0,0.0,0.0,0.0,23.85,23.85,0.0,0.0,0.0,120.0,PASS
REF_016,SYNTHETIC_BOUNDARY,2000-01-01,12:00,UTC,2000-01-01T12:00:00Z,0.0,0.0,Saturn,23.85,23.85,0.0,0.0,0.0,0.0,23.85,23.85,0.0,0.0,0.0,120.0,PASS
REF_016,SYNTHETIC_BOUNDARY,2000-01-01,12:00,UTC,2000-01-01T12:00:00Z,0.0,0.0,Ascendant,23.85,23.85,0.0,0.0,0.0,0.0,23.85,23.85,0.0,0.0,0.0,120.0,PASS
REF_016,SYNTHETIC_BOUNDARY,2000-01-01,12:00,UTC,2000-01-01T12:00:00Z,0.0,0.0,MC,293.85,293.85,0.0,0.0,0.0,0.0,23.85,23.85,270.0,270.0,0.0,120.0,PASS
REF_017,SYNTHETIC_BOUNDARY,2000-01-01,12:00,UTC,2000-01-01T12:00:00Z,0.0,0.0,Sun,213.85,213.85,0.0,0.0,0.0,0.0,23.85,23.85,190.0,190.0,0.0,120.0,PASS
REF_017,SYNTHETIC_BOUNDARY,2000-01-01,12:00,UTC,2000-01-01T12:00:00Z,0.0,0.0,Moon,23.85,23.85,0.0,0.0,0.0,0.0,23.85,23.85,0.0,0.0,0.0,120.0,PASS
REF_017,SYNTHETIC_BOUNDARY,2000-01-01,12:00,UTC,2000-01-01T12:00:00Z,0.0,0.0,Mars,23.85,23.85,0.0,0.0,0.0,0.0,23.85,23.85,0.0,0.0,0.0,120.0,PASS
REF_017,SYNTHETIC_BOUNDARY,2000-01-01,12:00,UTC,2000-01-01T12:00:00Z,0.0,0.0,Mercury,23.85,23.85,0.0,0.0,0.0,0.0,23.85,23.85,0.0,0.0,0.0,120.0,PASS
REF_017,SYNTHETIC_BOUNDARY,2000-01-01,12:00,UTC,2000-01-01T12:00:00Z,0.0,0.0,Jupiter,23.85,23.85,0.0,0.0,0.0,0.0,23.85,23.85,0.0,0.0,0.0,120.0,PASS
REF_017,SYNTHETIC_BOUNDARY,2000-01-01,12:00,UTC,2000-01-01T12:00:00Z,0.0,0.0,Venus,23.85,23.85,0.0,0.0,0.0,0.0,23.85,23.85,0.0,0.0,0.0,120.0,PASS
REF_017,SYNTHETIC_BOUNDARY,2000-01-01,12:00,UTC,2000-01-01T12:00:00Z,0.0,0.0,Saturn,23.85,23.85,0.0,0.0,0.0,0.0,23.85,23.85,0.0,0.0,0.0,120.0,PASS
REF_017,SYNTHETIC_BOUNDARY,2000-01-01,12:00,UTC,2000-01-01T12:00:00Z,0.0,0.0,Ascendant,23.85,23.85,0.0,0.0,0.0,0.0,23.85,23.85,0.0,0.0,0.0,120.0,PASS
REF_017,SYNTHETIC_BOUNDARY,2000-01-01,12:00,UTC,2000-01-01T12:00:00Z,0.0,0.0,MC,293.85,293.85,0.0,0.0,0.0,0.0,23.85,23.85,270.0,270.0,0.0,120.0,PASS
REF_018,SYNTHETIC_BOUNDARY,2000-01-01,12:00,UTC,2000-01-01T12:00:00Z,0.0,0.0,Sun,293.85,293.85,0.0,0.0,0.0,0.0,23.85,23.85,270.0,270.0,0.0,120.0,PASS
REF_018,SYNTHETIC_BOUNDARY,2000-01-01,12:00,UTC,2000-01-01T12:00:00Z,0.0,0.0,Moon,203.85,203.85,0.0,0.0,0.0,0.0,23.85,23.85,180.0,180.0,0.0,120.0,PASS
REF_018,SYNTHETIC_BOUNDARY,2000-01-01,12:00,UTC,2000-01-01T12:00:00Z,0.0,0.0,Mars,293.85,293.85,0.0,0.0,0.0,0.0,23.85,23.85,270.0,270.0,0.0,120.0,PASS
REF_018,SYNTHETIC_BOUNDARY,2000-01-01,12:00,UTC,2000-01-01T12:00:00Z,0.0,0.0,Mercury,23.85,23.85,0.0,0.0,0.0,0.0,23.85,23.85,0.0,0.0,0.0,120.0,PASS
REF_018,SYNTHETIC_BOUNDARY,2000-01-01,12:00,UTC,2000-01-01T12:00:00Z,0.0,0.0,Jupiter,23.85,23.85,0.0,0.0,0.0,0.0,23.85,23.85,0.0,0.0,0.0,120.0,PASS
REF_018,SYNTHETIC_BOUNDARY,2000-01-01,12:00,UTC,2000-01-01T12:00:00Z,0.0,0.0,Venus,203.85,203.85,0.0,0.0,0.0,0.0,23.85,23.85,180.0,180.0,0.0,120.0,PASS
REF_018,SYNTHETIC_BOUNDARY,2000-01-01,12:00,UTC,2000-01-01T12:00:00Z,0.0,0.0,Saturn,203.85,203.85,0.0,0.0,0.0,0.0,23.85,23.85,180.0,180.0,0.0,120.0,PASS
REF_018,SYNTHETIC_BOUNDARY,2000-01-01,12:00,UTC,2000-01-01T12:00:00Z,0.0,0.0,Ascendant,23.85,23.85,0.0,0.0,0.0,0.0,23.85,23.85,0.0,0.0,0.0,120.0,PASS
REF_018,SYNTHETIC_BOUNDARY,2000-01-01,12:00,UTC,2000-01-01T12:00:00Z,0.0,0.0,MC,293.85,293.85,0.0,0.0,0.0,0.0,23.85,23.85,270.0,270.0,0.0,120.0,PASS
REF_019,SYNTHETIC_BOUNDARY,2000-01-01,12:00,UTC,2000-01-01T12:00:00Z,0.0,0.0,Sun,113.85,113.85,0.0,0.0,0.0,0.0,23.85,23.85,90.0,90.0,0.0,120.0,PASS
REF_019,SYNTHETIC_BOUNDARY,2000-01-01,12:00,UTC,2000-01-01T12:00:00Z,0.0,0.0,Moon,293.85,293.85,0.0,0.0,0.0,0.0,23.85,23.85,270.0,270.0,0.0,120.0,PASS
REF_019,SYNTHETIC_BOUNDARY,2000-01-01,12:00,UTC,2000-01-01T12:00:00Z,0.0,0.0,Mars,113.85,113.85,0.0,0.0,0.0,0.0,23.85,23.85,90.0,90.0,0.0,120.0,PASS
REF_019,SYNTHETIC_BOUNDARY,2000-01-01,12:00,UTC,2000-01-01T12:00:00Z,0.0,0.0,Mercury,203.85,203.85,0.0,0.0,0.0,0.0,23.85,23.85,180.0,180.0,0.0,120.0,PASS
REF_019,SYNTHETIC_BOUNDARY,2000-01-01,12:00,UTC,2000-01-01T12:00:00Z,0.0,0.0,Jupiter,203.85,203.85,0.0,0.0,0.0,0.0,23.85,23.85,180.0,180.0,0.0,120.0,PASS
REF_019,SYNTHETIC_BOUNDARY,2000-01-01,12:00,UTC,2000-01-01T12:00:00Z,0.0,0.0,Venus,293.85,293.85,0.0,0.0,0.0,0.0,23.85,23.85,270.0,270.0,0.0,120.0,PASS
REF_019,SYNTHETIC_BOUNDARY,2000-01-01,12:00,UTC,2000-01-01T12:00:00Z,0.0,0.0,Saturn,23.85,23.85,0.0,0.0,0.0,0.0,23.85,23.85,0.0,0.0,0.0,120.0,PASS
REF_019,SYNTHETIC_BOUNDARY,2000-01-01,12:00,UTC,2000-01-01T12:00:00Z,0.0,0.0,Ascendant,23.85,23.85,0.0,0.0,0.0,0.0,23.85,23.85,0.0,0.0,0.0,120.0,PASS
REF_019,SYNTHETIC_BOUNDARY,2000-01-01,12:00,UTC,2000-01-01T12:00:00Z,0.0,0.0,MC,293.85,293.85,0.0,0.0,0.0,0.0,23.85,23.85,270.0,270.0,0.0,120.0,PASS
REF_020,SYNTHETIC_BOUNDARY,2000-01-01,12:00,UTC,2000-01-01T12:00:00Z,0.0,0.0,Sun,23.85,23.85,0.0,0.0,0.0,0.0,23.85,23.85,0.0,0.0,0.0,120.0,PASS
REF_020,SYNTHETIC_BOUNDARY,2000-01-01,12:00,UTC,2000-01-01T12:00:00Z,0.0,0.0,Moon,23.85,23.85,0.0,0.0,0.0,0.0,23.85,23.85,0.0,0.0,0.0,120.0,PASS
REF_020,SYNTHETIC_BOUNDARY,2000-01-01,12:00,UTC,2000-01-01T12:00:00Z,0.0,0.0,Mars,23.85,23.85,0.0,0.0,0.0,0.0,23.85,23.85,0.0,0.0,0.0,120.0,PASS
REF_020,SYNTHETIC_BOUNDARY,2000-01-01,12:00,UTC,2000-01-01T12:00:00Z,0.0,0.0,Mercury,23.85,23.85,0.0,0.0,0.0,0.0,23.85,23.85,0.0,0.0,0.0,120.0,PASS
REF_020,SYNTHETIC_BOUNDARY,2000-01-01,12:00,UTC,2000-01-01T12:00:00Z,0.0,0.0,Jupiter,23.85,23.85,0.0,0.0,0.0,0.0,23.85,23.85,0.0,0.0,0.0,120.0,PASS
REF_020,SYNTHETIC_BOUNDARY,2000-01-01,12:00,UTC,2000-01-01T12:00:00Z,0.0,0.0,Venus,23.85,23.85,0.0,0.0,0.0,0.0,23.85,23.85,0.0,0.0,0.0,120.0,PASS
REF_020,SYNTHETIC_BOUNDARY,2000-01-01,12:00,UTC,2000-01-01T12:00:00Z,0.0,0.0,Saturn,23.85,23.85,0.0,0.0,0.0,0.0,23.85,23.85,0.0,0.0,0.0,120.0,PASS
REF_020,SYNTHETIC_BOUNDARY,2000-01-01,12:00,UTC,2000-01-01T12:00:00Z,0.0,0.0,Ascendant,23.85,23.85,0.0,0.0,0.0,0.0,23.85,23.85,0.0,0.0,0.0,120.0,PASS
REF_020,SYNTHETIC_BOUNDARY,2000-01-01,12:00,UTC,2000-01-01T12:00:00Z,0.0,0.0,MC,293.85,293.85,0.0,0.0,0.0,0.0,23.85,23.85,270.0,270.0,0.0,120.0,PASS
SHADBALA_FIXTURE_009,REAL_BIRTH_PROFILE,2010-08-09,18:00,Asia/Singapore,2010-08-09T10:00:00Z,1.3521,103.8198,Sun,136.577772,136.577784,0.04,-0.000855,-0.000846,0.03,23.998024,23.998024,112.579748,112.57976,0.04,120.0,PASS
SHADBALA_FIXTURE_009,REAL_BIRTH_PROFILE,2010-08-09,18:00,Asia/Singapore,2010-08-09T10:00:00Z,1.3521,103.8198,Moon,126.471498,126.477003,19.82,-2.201915,-2.201948,0.12,23.998024,23.998024,102.473474,102.478978,19.81,120.0,PASS
SHADBALA_FIXTURE_009,REAL_BIRTH_PROFILE,2010-08-09,18:00,Asia/Singapore,2010-08-09T10:00:00Z,1.3521,103.8198,Mars,186.273206,186.273248,0.15,0.349057,0.349108,0.18,23.998024,23.998024,162.275182,162.275224,0.15,120.0,PASS
SHADBALA_FIXTURE_009,REAL_BIRTH_PROFILE,2010-08-09,18:00,Asia/Singapore,2010-08-09T10:00:00Z,1.3521,103.8198,Mercury,163.738312,163.738333,0.08,-2.022905,-2.022911,0.02,23.998024,23.998024,139.740288,139.740308,0.07,120.0,PASS
SHADBALA_FIXTURE_009,REAL_BIRTH_PROFILE,2010-08-09,18:00,Asia/Singapore,2010-08-09T10:00:00Z,1.3521,103.8198,Jupiter,2.778499,2.778449,0.18,-1.477136,-1.477158,0.08,23.998024,23.998024,338.780475,338.780424,0.18,120.0,PASS
SHADBALA_FIXTURE_009,REAL_BIRTH_PROFILE,2010-08-09,18:00,Asia/Singapore,2010-08-09T10:00:00Z,1.3521,103.8198,Venus,182.172815,182.172862,0.17,-0.60078,-0.600775,0.02,23.998024,23.998024,158.174791,158.174837,0.17,120.0,PASS
SHADBALA_FIXTURE_009,REAL_BIRTH_PROFILE,2010-08-09,18:00,Asia/Singapore,2010-08-09T10:00:00Z,1.3521,103.8198,Saturn,181.532522,181.532446,0.27,2.20908,2.20908,0.0,23.998024,23.998024,157.534498,157.534421,0.28,120.0,PASS
SHADBALA_FIXTURE_009,REAL_BIRTH_PROFILE,2010-08-09,18:00,Asia/Singapore,2010-08-09T10:00:00Z,1.3521,103.8198,Ascendant,298.975749,298.975555,0.7,0.0,0.0,0.0,23.998024,23.998024,274.977725,274.977531,0.7,120.0,PASS
SHADBALA_FIXTURE_009,REAL_BIRTH_PROFILE,2010-08-09,18:00,Asia/Singapore,2010-08-09T10:00:00Z,1.3521,103.8198,MC,213.858726,213.858517,0.75,0.0,0.0,0.0,23.998024,23.998024,189.860702,189.860493,0.75,120.0,PASS
SHADBALA_FIXTURE_010,REAL_BIRTH_PROFILE,2020-10-15,20:00,America/Los_Angeles,2020-10-16T03:00:00Z,34.0522,-118.2437,Sun,202.92863,202.928622,0.03,0.001329,0.001334,0.02,24.140231,24.140231,178.788399,178.788391,0.03,120.0,PASS
SHADBALA_FIXTURE_010,REAL_BIRTH_PROFILE,2020-10-15,20:00,America/Los_Angeles,2020-10-16T03:00:00Z,34.0522,-118.2437,Moon,193.072951,193.078399,19.61,4.720392,4.720491,0.36,24.140231,24.140231,168.932719,168.938168,19.62,120.0,PASS
SHADBALA_FIXTURE_010,REAL_BIRTH_PROFILE,2020-10-15,20:00,America/Los_Angeles,2020-10-16T03:00:00Z,34.0522,-118.2437,Mars,20.107187,20.107287,0.36,-2.856047,-2.856219,0.62,24.140231,24.140231,355.966955,355.967056,0.36,120.0,PASS
SHADBALA_FIXTURE_010,REAL_BIRTH_PROFILE,2020-10-15,20:00,America/Los_Angeles,2020-10-16T03:00:00Z,34.0522,-118.2437,Mercury,221.10939,221.109391,0.0,-3.16703,-3.167029,0.0,24.140231,24.140231,196.969158,196.96916,0.01,120.0,PASS
SHADBALA_FIXTURE_010,REAL_BIRTH_PROFILE,2020-10-15,20:00,America/Los_Angeles,2020-10-16T03:00:00Z,34.0522,-118.2437,Jupiter,288.836094,288.836046,0.17,-0.437469,-0.437474,0.02,24.140231,24.140231,264.695863,264.695815,0.17,120.0,PASS
SHADBALA_FIXTURE_010,REAL_BIRTH_PROFILE,2020-10-15,20:00,America/Los_Angeles,2020-10-16T03:00:00Z,34.0522,-118.2437,Venus,165.360364,165.360319,0.16,1.071789,1.071787,0.01,24.140231,24.140231,141.220133,141.220088,0.16,120.0,PASS
SHADBALA_FIXTURE_010,REAL_BIRTH_PROFILE,2020-10-15,20:00,America/Los_Angeles,2020-10-16T03:00:00Z,34.0522,-118.2437,Saturn,295.288328,295.288276,0.19,-0.323664,-0.323662,0.01,24.140231,24.140231,271.148097,271.148045,0.19,120.0,PASS
SHADBALA_FIXTURE_010,REAL_BIRTH_PROFILE,2020-10-15,20:00,America/Los_Angeles,2020-10-16T03:00:00Z,34.0522,-118.2437,Ascendant,58.138581,58.137735,3.05,0.0,0.0,0.0,24.140231,24.140231,33.99835,33.997504,3.05,120.0,PASS
SHADBALA_FIXTURE_010,REAL_BIRTH_PROFILE,2020-10-15,20:00,America/Los_Angeles,2020-10-16T03:00:00Z,34.0522,-118.2437,MC,309.411542,309.410824,2.58,0.0,0.0,0.0,24.140231,24.140231,285.271311,285.270593,2.58,120.0,PASS
